№,Реклама,address,phone,site
,Power Audio And Tint,,,
,"4,3(136)",,,
,Тонирование стекол ·  · 23133 Sandalfoot Plaza Dr #1,,,
,Открыто ⋅ Закроется в 17:30 · +1 561-852-8071,,,
,,,,
,Сайт,,,
,,,,
,,,,
,,,,
,  Variety Of PPF Packages,,,
,Открыть сайт poweraudioandtint.com,,,
,Реклама,,,
,"Auto SuperShield, Inc.",,,
,"4,9(159)",,,
,Оклеивание автомобиля плёнкой ·  · 4701 Dixie Hwy,,,
,Закрыто ⋅ Откроется в 08:00 (вт) · +1 561-367-0101,,,
,,,,
,Сайт,,,
,,,,
,,,,
,,,,
,  Protecting Your Car Paint,,,
,Открыть сайт autosupershield.com,,,
,"Auto SuperShield, Inc.",,,
,"4,9(159)",,,
,Оклеивание автомобиля плёнкой ·  · 4701 Dixie Hwy,,,
,Закрыто ⋅ Откроется в 08:00 (вт) · +1 561-367-0101,,,
,,,,
,Сайт,,,
,,,,
,,,,
,,,,
,  Обслуживание на месте,,,
,Von Wraps and Design,,,
,"4,8(246)",,,
,Оклеивание автомобиля плёнкой ·  · 159 NW 1st St #4,,,
,Открыто ⋅ Закроется в 19:00 · +1 561-927-7015,,,
,,,,
,Сайт,,,
,,,,
,,,,
,,,,
,  Обслуживание на месте,,,
,Miami Car Paint Protection Film and Clear Bra 3M installers,,,
,Отзывов нет,,,
,Кузовной ремонт ·  · 7284 NW 8th St,,,
,Открыто ⋅ Закроется в 18:00 · +1 305-521-7564,,,
,,,,
,Сайт,,,
,,,,
,,,,
,,,,
,"Miami Car Paint Protection Film, Wraps and Clear Bra 3M installers PPF(Tesla y x s 3)",,,
,Отзывов нет,,,
,Услуги водителя ·  · 7282 NW 8 St suite# B,,,
,Скоро закроется: 17:00 ⋅ Откроется в 09:00 (вт) · +1 305-506-8696,,,
,,,,
,Сайт,,,
,,,,
,,,,
,,,,
,Больше результатов нет.,,,
